{
  "comparison_id": "comparison_20241121140912",
  "timestamp": "2024-11-21T14:09:15.389356",
  "structural_changes": {
    "New_Nodes": 4,
    "Removed_Nodes": 2,
    "New_Edges": 54,
    "Removed_Edges": 25,
    "Degree_Distribution_Change": 16
  },
  "metric_changes": {
    "Degree": {
      "192.168.1.220": 2.0,
      "192.168.1.168": 15.0,
      "192.168.1.214": 15.0,
      "192.168.1.145": 2.0,
      "192.168.1.64": 15.0,
      "192.168.1.154": 2.0,
      "192.168.1.123": 2.0,
      "192.168.1.124": -13.0,
      "192.168.1.204": 15.0,
      "192.168.1.84": 2.0,
      "192.168.1.1": 2.0,
      "192.168.1.130": 2.0,
      "192.168.1.233": 2.0,
      "192.168.1.152": 2.0,
      "192.168.1.127": 2.0,
      "192.168.1.197": 2.0,
      "192.168.1.246": -13.0,
      "192.168.1.82": 2.0
    },
    "Clustering": {
      "192.168.1.168": 1.0,
      "192.168.1.214": 1.0,
      "192.168.1.64": 1.0,
      "192.168.1.124": -1.0,
      "192.168.1.204": 1.0,
      "192.168.1.246": -1.0
    },
    "Betweenness": {},
    "Closeness": {
      "192.168.1.168": 1.0,
      "192.168.1.214": 1.0,
      "192.168.1.64": 1.0,
      "192.168.1.124": -1.0,
      "192.168.1.204": 1.0,
      "192.168.1.246": -1.0
    }
  },
  "before_metrics": {
    "Average_Clustering": 1.0,
    "Network_Density": 1.0,
    "Average_Degree": 13.0,
    "Components": 1,
    "Spectral_Radius": 14.000000000000016,
    "Fiedler_Value": 13.99999999999999
  },
  "after_metrics": {
    "Average_Clustering": 1.0,
    "Network_Density": 1.0,
    "Average_Degree": 15.0,
    "Components": 1,
    "Spectral_Radius": 16.000000000000018,
    "Fiedler_Value": 15.999999999999979
  },
  "centrality_before": {
    "degree_centrality": {
      "192.168.1.1": 1.0,
      "192.168.1.123": 1.0,
      "192.168.1.124": 1.0,
      "192.168.1.127": 1.0,
      "192.168.1.130": 1.0,
      "192.168.1.145": 1.0,
      "192.168.1.152": 1.0,
      "192.168.1.154": 1.0,
      "192.168.1.197": 1.0,
      "192.168.1.220": 1.0,
      "192.168.1.233": 1.0,
      "192.168.1.246": 1.0,
      "192.168.1.82": 1.0,
      "192.168.1.84": 1.0
    },
    "betweenness_centrality": {
      "192.168.1.1": 0.0,
      "192.168.1.123": 0.0,
      "192.168.1.124": 0.0,
      "192.168.1.127": 0.0,
      "192.168.1.130": 0.0,
      "192.168.1.145": 0.0,
      "192.168.1.152": 0.0,
      "192.168.1.154": 0.0,
      "192.168.1.197": 0.0,
      "192.168.1.220": 0.0,
      "192.168.1.233": 0.0,
      "192.168.1.246": 0.0,
      "192.168.1.82": 0.0,
      "192.168.1.84": 0.0
    },
    "closeness_centrality": {
      "192.168.1.1": 1.0,
      "192.168.1.123": 1.0,
      "192.168.1.124": 1.0,
      "192.168.1.127": 1.0,
      "192.168.1.130": 1.0,
      "192.168.1.145": 1.0,
      "192.168.1.152": 1.0,
      "192.168.1.154": 1.0,
      "192.168.1.197": 1.0,
      "192.168.1.220": 1.0,
      "192.168.1.233": 1.0,
      "192.168.1.246": 1.0,
      "192.168.1.82": 1.0,
      "192.168.1.84": 1.0
    },
    "eigenvector_centrality": {
      "192.168.1.1": 0.2672612419124244,
      "192.168.1.123": 0.2672612419124244,
      "192.168.1.124": 0.2672612419124244,
      "192.168.1.127": 0.2672612419124244,
      "192.168.1.130": 0.2672612419124244,
      "192.168.1.145": 0.2672612419124244,
      "192.168.1.152": 0.2672612419124244,
      "192.168.1.154": 0.2672612419124244,
      "192.168.1.197": 0.2672612419124244,
      "192.168.1.220": 0.2672612419124244,
      "192.168.1.233": 0.2672612419124244,
      "192.168.1.246": 0.2672612419124244,
      "192.168.1.82": 0.2672612419124244,
      "192.168.1.84": 0.2672612419124244
    }
  },
  "centrality_after": {
    "degree_centrality": {
      "192.168.1.1": 1.0,
      "192.168.1.123": 1.0,
      "192.168.1.127": 1.0,
      "192.168.1.130": 1.0,
      "192.168.1.145": 1.0,
      "192.168.1.152": 1.0,
      "192.168.1.154": 1.0,
      "192.168.1.168": 1.0,
      "192.168.1.197": 1.0,
      "192.168.1.204": 1.0,
      "192.168.1.214": 1.0,
      "192.168.1.220": 1.0,
      "192.168.1.233": 1.0,
      "192.168.1.64": 1.0,
      "192.168.1.82": 1.0,
      "192.168.1.84": 1.0
    },
    "betweenness_centrality": {
      "192.168.1.1": 0.0,
      "192.168.1.123": 0.0,
      "192.168.1.127": 0.0,
      "192.168.1.130": 0.0,
      "192.168.1.145": 0.0,
      "192.168.1.152": 0.0,
      "192.168.1.154": 0.0,
      "192.168.1.168": 0.0,
      "192.168.1.197": 0.0,
      "192.168.1.204": 0.0,
      "192.168.1.214": 0.0,
      "192.168.1.220": 0.0,
      "192.168.1.233": 0.0,
      "192.168.1.64": 0.0,
      "192.168.1.82": 0.0,
      "192.168.1.84": 0.0
    },
    "closeness_centrality": {
      "192.168.1.1": 1.0,
      "192.168.1.123": 1.0,
      "192.168.1.127": 1.0,
      "192.168.1.130": 1.0,
      "192.168.1.145": 1.0,
      "192.168.1.152": 1.0,
      "192.168.1.154": 1.0,
      "192.168.1.168": 1.0,
      "192.168.1.197": 1.0,
      "192.168.1.204": 1.0,
      "192.168.1.214": 1.0,
      "192.168.1.220": 1.0,
      "192.168.1.233": 1.0,
      "192.168.1.64": 1.0,
      "192.168.1.82": 1.0,
      "192.168.1.84": 1.0
    },
    "eigenvector_centrality": {
      "192.168.1.1": 0.25,
      "192.168.1.123": 0.25,
      "192.168.1.127": 0.25,
      "192.168.1.130": 0.25,
      "192.168.1.145": 0.25,
      "192.168.1.152": 0.25,
      "192.168.1.154": 0.25,
      "192.168.1.168": 0.25,
      "192.168.1.197": 0.25,
      "192.168.1.204": 0.25,
      "192.168.1.214": 0.25,
      "192.168.1.220": 0.25,
      "192.168.1.233": 0.25,
      "192.168.1.64": 0.25,
      "192.168.1.82": 0.25,
      "192.168.1.84": 0.25
    }
  },
  "robustness_analysis": {
    "bridge_nodes": [],
    "communities": {
      "192.168.1.1": 0,
      "192.168.1.123": 0,
      "192.168.1.127": 0,
      "192.168.1.130": 0,
      "192.168.1.145": 0,
      "192.168.1.152": 0,
      "192.168.1.154": 0,
      "192.168.1.168": 0,
      "192.168.1.197": 0,
      "192.168.1.204": 0,
      "192.168.1.214": 0,
      "192.168.1.220": 0,
      "192.168.1.233": 0,
      "192.168.1.64": 0,
      "192.168.1.82": 0,
      "192.168.1.84": 0
    },
    "modularity": 0.0,
    "segment_analysis": {
      "segment_sizes": {
        "0": 16
      },
      "cross_segment_edges": 0,
      "isolation_score": 1.0
    },
    "vulnerability_paths": []
  },
  "kcore_analysis": {
    "core_numbers": {
      "192.168.1.1": 15,
      "192.168.1.123": 15,
      "192.168.1.127": 15,
      "192.168.1.130": 15,
      "192.168.1.145": 15,
      "192.168.1.152": 15,
      "192.168.1.154": 15,
      "192.168.1.168": 15,
      "192.168.1.197": 15,
      "192.168.1.204": 15,
      "192.168.1.214": 15,
      "192.168.1.220": 15,
      "192.168.1.233": 15,
      "192.168.1.64": 15,
      "192.168.1.82": 15,
      "192.168.1.84": 15
    },
    "core_metrics": {
      "1": {
        "size": 16,
        "density": 1.0,
        "avg_degree": 15.0,
        "nodes": [
          "192.168.1.1",
          "192.168.1.123",
          "192.168.1.127",
          "192.168.1.130",
          "192.168.1.145",
          "192.168.1.152",
          "192.168.1.154",
          "192.168.1.168",
          "192.168.1.197",
          "192.168.1.204",
          "192.168.1.214",
          "192.168.1.220",
          "192.168.1.233",
          "192.168.1.64",
          "192.168.1.82",
          "192.168.1.84"
        ],
        "connectivity": 15
      },
      "2": {
        "size": 16,
        "density": 1.0,
        "avg_degree": 15.0,
        "nodes": [
          "192.168.1.1",
          "192.168.1.123",
          "192.168.1.127",
          "192.168.1.130",
          "192.168.1.145",
          "192.168.1.152",
          "192.168.1.154",
          "192.168.1.168",
          "192.168.1.197",
          "192.168.1.204",
          "192.168.1.214",
          "192.168.1.220",
          "192.168.1.233",
          "192.168.1.64",
          "192.168.1.82",
          "192.168.1.84"
        ],
        "connectivity": 15
      },
      "3": {
        "size": 16,
        "density": 1.0,
        "avg_degree": 15.0,