{
  "scan_id": "86365393-7390-4b3e-bbfa-4f4b7318d046",
  "timestamp": "2024-11-27T09:57:44.555122",
  "metrics": {
    "Average_Clustering": 0.85,
    "Network_Density": 0.7,
    "Average_Degree": 10.5,
    "Components": 1,
    "Average_Path_Length": 1.3,
    "Network_Diameter": 2,
    "Fiedler_Eigenvalue": 6.999999999999993,
    "Spectral_Radius": 11.48528137423857,
    "Number_of_Communities": 1
  },
  "critical_paths": {},
  "bridge_nodes": [],
  "segmentation": {
    "num_segments": 1,
    "modularity": 0.0,
    "segment_sizes": {
      "0": 16
    },
    "cross_segment_edges": 0,
    "isolation_score": 1.0,
    "communities": {
      "192.168.1.1": 0,
      "192.168.1.103": 0,
      "192.168.1.123": 0,
      "192.168.1.124": 0,
      "192.168.1.127": 0,
      "192.168.1.130": 0,
      "192.168.1.145": 0,
      "192.168.1.152": 0,
      "192.168.1.154": 0,
      "192.168.1.159": 0,
      "192.168.1.197": 0,
      "192.168.1.214": 0,
      "192.168.1.220": 0,
      "192.168.1.64": 0,
      "192.168.1.82": 0,
      "192.168.1.84": 0
    }
  },
  "network_analysis": {
    "density": 0.7,
    "average_degree": 10.5,
    "critical_paths": 0,
    "bridge_nodes": 0
  }
}