{
  "timestamp": "2024-11-18T20:47:04.840472",
  "network_structure": {
    "components": [
      [
        "192.168.1.19",
        "192.168.1.11",
        "192.168.1.1",
        "192.168.1.20",
        "192.168.1.2",
        "192.168.1.10",
        "192.168.1.9",
        "192.168.1.5",
        "192.168.1.21",
        "192.168.1.3"
      ]
    ],
    "cycles": [],
    "endpoints": [
      "192.168.1.10",
      "192.168.1.11",
      "192.168.1.19",
      "192.168.1.2",
      "192.168.1.20",
      "192.168.1.21",
      "192.168.1.3",
      "192.168.1.5",
      "192.168.1.9"
    ],
    "density": 0.2,
    "is_tree": true,
    "is_forest": true,
    "average_degree": 1.8,
    "centrality": {
      "Degree_Centrality": {
        "192.168.1.1": 1.0,
        "192.168.1.10": 0.1111111111111111,
        "192.168.1.11": 0.1111111111111111,
        "192.168.1.19": 0.1111111111111111,
        "192.168.1.2": 0.1111111111111111,
        "192.168.1.20": 0.1111111111111111,
        "192.168.1.21": 0.1111111111111111,
        "192.168.1.3": 0.1111111111111111,
        "192.168.1.5": 0.1111111111111111,
        "192.168.1.9": 0.1111111111111111
      },
      "Betweenness_Centrality": {
        "192.168.1.1": 1.0,
        "192.168.1.10": 0.0,
        "192.168.1.11": 0.0,
        "192.168.1.19": 0.0,
        "192.168.1.2": 0.0,
        "192.168.1.20": 0.0,
        "192.168.1.21": 0.0,
        "192.168.1.3": 0.0,
        "192.168.1.5": 0.0,
        "192.168.1.9": 0.0
      },
      "Closeness_Centrality": {
        "192.168.1.1": 1.0,
        "192.168.1.10": 0.5294117647058824,
        "192.168.1.11": 0.5294117647058824,
        "192.168.1.19": 0.5294117647058824,
        "192.168.1.2": 0.5294117647058824,
        "192.168.1.20": 0.5294117647058824,
        "192.168.1.21": 0.5294117647058824,
        "192.168.1.3": 0.5294117647058824,
        "192.168.1.5": 0.5294117647058824,
        "192.168.1.9": 0.5294117647058824
      },
      "Eigenvector_Centrality": {
        "192.168.1.1": 0.7071074555358021,
        "192.168.1.10": 0.2357020356122166,
        "192.168.1.11": 0.2357020356122166,
        "192.168.1.19": 0.2357020356122166,
        "192.168.1.2": 0.2357020356122166,
        "192.168.1.20": 0.2357020356122166,
        "192.168.1.21": 0.2357020356122166,
        "192.168.1.3": 0.2357020356122166,
        "192.168.1.5": 0.2357020356122166,
        "192.168.1.9": 0.2357020356122166
      }
    },
    "total_nodes": 10,
    "total_edges": 9,
    "connected_components": 1,
    "articulation_points": [
      "192.168.1.1"
    ],
    "bridges": [
      [
        "192.168.1.1",
        "192.168.1.10"
      ],
      [
        "192.168.1.1",
        "192.168.1.11"
      ],
      [
        "192.168.1.1",
        "192.168.1.19"
      ],
      [
        "192.168.1.1",
        "192.168.1.2"
      ],
      [
        "192.168.1.1",
        "192.168.1.20"
      ],
      [
        "192.168.1.1",
        "192.168.1.21"
      ],
      [
        "192.168.1.1",
        "192.168.1.3"
      ],
      [
        "192.168.1.1",
        "192.168.1.5"
      ],
      [
        "192.168.1.1",
        "192.168.1.9"
      ]
    ],
    "clustering": {
      "192.168.1.1": 0,
      "192.168.1.10": 0,
      "192.168.1.11": 0,
      "192.168.1.19": 0,
      "192.168.1.2": 0,
      "192.168.1.20": 0,
      "192.168.1.21": 0,
      "192.168.1.3": 0,
      "192.168.1.5": 0,
      "192.168.1.9": 0
    },
    "potential_bottlenecks": [
      "192.168.1.1"
    ],
    "average_clustering": 0.0,
    "degree_histogram": [
      0,
      9,
      0,
      0,
      0,
      0,
      0,
      0,
      0,
      1
    ]
  },
  "security_metrics": {
    "192.168.1.1": {
      "degree": 9,
      "betweenness": 1.0,
      "neighbors": [
        "192.168.1.10",
        "192.168.1.11",
        "192.168.1.19",
        "192.168.1.2",
        "192.168.1.20",
        "192.168.1.21",
        "192.168.1.3",
        "192.168.1.5",
        "192.168.1.9"
      ],
      "is_endpoint": false,
      "device_type": "unknown",
      "os": "unknown",
      "local_clustering": 0,
      "connectivity_risk": 0.9
    },
    "192.168.1.10": {
      "degree": 1,
      "betweenness": 0.0,
      "neighbors": [
        "192.168.1.1"
      ],
      "is_endpoint": true,
      "device_type": "unknown",
      "os": "unknown",
      "local_clustering": 0,
      "connectivity_risk": 0.1
    },
    "192.168.1.11": {
      "degree": 1,
      "betweenness": 0.0,
      "neighbors": [
        "192.168.1.1"
      ],
      "is_endpoint": true,
      "device_type": "unknown",
      "os": "unknown",
      "local_clustering": 0,
      "connectivity_risk": 0.1
    },
    "192.168.1.19": {
      "degree": 1,
      "betweenness": 0.0,
      "neighbors": [
        "192.168.1.1"
      ],
      "is_endpoint": true,
      "device_type": "unknown",
      "os": "unknown",
      "local_clustering": 0,
      "connectivity_risk": 0.1
    },
    "192.168.1.2": {
      "degree": 1,
      "betweenness": 0.0,
      "neighbors": [
        "192.168.1.1"
      ],
      "is_endpoint": true,
      "device_type": "unknown",
      "os": "unknown",
      "local_clustering": 0,
      "connectivity_risk": 0.1
    },
    "192.168.1.20": {
      "degree": 1,
      "betweenness": 0.0,
      "neighbors": [
        "192.168.1.1"
      ],
      "is_endpoint": true,
      "device_type": "unknown",
      "os": "unknown",
      "local_clustering": 0,
      "connectivity_risk": 0.1
    },
    "192.168.1.21": {
      "degree": 1,
      "betweenness": 0.0,
      "neighbors": [
        "192.168.1.1"
      ],
      "is_endpoint": true,
      "device_type": "unknown",
      "os": "unknown",
      "local_clustering": 0,
      "connectivity_risk": 0.1
    },
    "192.168.1.3": {
      "degree": 1,
      "betweenness": 0.0,
      "neighbors": [
        "192.168.1.1"
      ],
      "is_endpoint": true,
      "device_type": "unknown",
      "os": "unknown",
      "local_clustering": 0,
      "connectivity_risk": 0.1
    },
    "192.168.1.5": {
      "degree": 1,
      "betweenness": 0.0,
      "neighbors": [
        "192.168.1.1"
      ],
      "is_endpoint": true,
      "device_type": "unknown",
      "os": "unknown",
      "local_clustering": 0,
      "connectivity_risk": 0.1
    },
    "192.168.1.9": {
      "degree": 1,
      "betweenness": 0.0,
      "neighbors": [
        "192.168.1.1"
      ],
      "is_endpoint": true,
      "device_type": "unknown",
      "os": "unknown",
      "local_clustering": 0,
      "connectivity_risk": 0.1
    }
  },
  "bottleneck_analysis": {
    "192.168.1.1": {
      "spectral_score": 2.047268748883217e-17,
      "flow_centrality": 1.0,
      "is_critical": false,
      "degree": 9,
      "betweenness": 1.0,
      "edge_impact": 1.8
    },
    "192.168.1.10": {
      "spectral_score": 0.5532047264758623,
      "flow_centrality": 0.08689655172413793,
      "is_critical": true,
      "degree": 1,
      "betweenness": 0.0,
      "edge_impact": 0.2
    },
    "192.168.1.11": {
      "spectral_score": 0.7970306940607815,
      "flow_centrality": 0.07793103448275862,
      "is_critical": true,
      "degree": 1,
      "betweenness": 0.0,
      "edge_impact": 0.2
    },
    "192.168.1.19": {
      "spectral_score": 0.25771244076957833,
      "flow_centrality": 0.07931034482758621,
      "is_critical": false,
      "degree": 1,
      "betweenness": 0.0,
      "edge_impact": 0.2
    },
    "192.168.1.2": {
      "spectral_score": 0.11637940977752022,
      "flow_centrality": 0.07965517241379311,
      "is_critical": false,
      "degree": 1,
      "betweenness": 0.0,
      "edge_impact": 0.2
    },
    "192.168.1.20": {
      "spectral_score": 0.7666540203960571,
      "flow_centrality": 0.08,
      "is_critical": true,
      "degree": 1,
      "betweenness": 0.0,
      "edge_impact": 0.2
    },
    "192.168.1.21": {
      "spectral_score": 0.3452100200701711,
      "flow_centrality": 0.08793103448275862,
      "is_critical": false,
      "degree": 1,