{
  "timestamp": "2024-11-18T20:14:20.483102",
  "network_structure": {
    "components": [
      [
        "192.168.1.1",
        "192.168.1.21",
        "192.168.1.10",
        "192.168.1.12",
        "192.168.1.2",
        "192.168.1.9",
        "192.168.1.19",
        "192.168.1.3",
        "192.168.1.5"
      ]
    ],
    "cycles": [],
    "endpoints": [
      "192.168.1.10",
      "192.168.1.12",
      "192.168.1.19",
      "192.168.1.2",
      "192.168.1.21",
      "192.168.1.3",
      "192.168.1.5",
      "192.168.1.9"
    ],
    "density": 0.2222222222222222,
    "is_tree": true,
    "is_forest": true,
    "average_degree": 1.7777777777777777,
    "centrality": {
      "Degree_Centrality": {
        "192.168.1.1": 1.0,
        "192.168.1.10": 0.125,
        "192.168.1.12": 0.125,
        "192.168.1.19": 0.125,
        "192.168.1.2": 0.125,
        "192.168.1.21": 0.125,
        "192.168.1.3": 0.125,
        "192.168.1.5": 0.125,
        "192.168.1.9": 0.125
      },
      "Betweenness_Centrality": {
        "192.168.1.1": 1.0,
        "192.168.1.10": 0.0,
        "192.168.1.12": 0.0,
        "192.168.1.19": 0.0,
        "192.168.1.2": 0.0,
        "192.168.1.21": 0.0,
        "192.168.1.3": 0.0,
        "192.168.1.5": 0.0,
        "192.168.1.9": 0.0
      },
      "Closeness_Centrality": {
        "192.168.1.1": 1.0,
        "192.168.1.10": 0.5333333333333333,
        "192.168.1.12": 0.5333333333333333,
        "192.168.1.19": 0.5333333333333333,
        "192.168.1.2": 0.5333333333333333,
        "192.168.1.21": 0.5333333333333333,
        "192.168.1.3": 0.5333333333333333,
        "192.168.1.5": 0.5333333333333333,
        "192.168.1.9": 0.5333333333333333
      },
      "Eigenvector_Centrality": {
        "192.168.1.1": 0.7071062168043301,
        "192.168.1.10": 0.2500001995390873,
        "192.168.1.12": 0.2500001995390873,
        "192.168.1.19": 0.2500001995390873,
        "192.168.1.2": 0.2500001995390873,
        "192.168.1.21": 0.2500001995390873,
        "192.168.1.3": 0.2500001995390873,
        "192.168.1.5": 0.2500001995390873,
        "192.168.1.9": 0.2500001995390873
      }
    },
    "total_nodes": 9,
    "total_edges": 8,
    "connected_components": 1,
    "articulation_points": [
      "192.168.1.1"
    ],
    "bridges": [
      [
        "192.168.1.1",
        "192.168.1.10"
      ],
      [
        "192.168.1.1",
        "192.168.1.12"
      ],
      [
        "192.168.1.1",
        "192.168.1.19"
      ],
      [
        "192.168.1.1",
        "192.168.1.2"
      ],
      [
        "192.168.1.1",
        "192.168.1.21"
      ],
      [
        "192.168.1.1",
        "192.168.1.3"
      ],
      [
        "192.168.1.1",
        "192.168.1.5"
      ],
      [
        "192.168.1.1",
        "192.168.1.9"
      ]
    ],
    "clustering": {
      "192.168.1.1": 0,
      "192.168.1.10": 0,
      "192.168.1.12": 0,
      "192.168.1.19": 0,
      "192.168.1.2": 0,
      "192.168.1.21": 0,
      "192.168.1.3": 0,
      "192.168.1.5": 0,
      "192.168.1.9": 0
    },
    "potential_bottlenecks": [
      "192.168.1.1"
    ],
    "average_clustering": 0.0,
    "degree_histogram": [
      0,
      8,
      0,
      0,
      0,
      0,
      0,
      0,
      1
    ]
  },
  "security_metrics": {
    "192.168.1.1": {
      "degree": 8,
      "betweenness": 1.0,
      "neighbors": [
        "192.168.1.10",
        "192.168.1.12",
        "192.168.1.19",
        "192.168.1.2",
        "192.168.1.21",
        "192.168.1.3",
        "192.168.1.5",
        "192.168.1.9"
      ],
      "is_endpoint": false,
      "device_type": "unknown",
      "os": "unknown",
      "local_clustering": 0,
      "connectivity_risk": 0.8888888888888888
    },
    "192.168.1.10": {
      "degree": 1,
      "betweenness": 0.0,
      "neighbors": [
        "192.168.1.1"
      ],
      "is_endpoint": true,
      "device_type": "unknown",
      "os": "unknown",
      "local_clustering": 0,
      "connectivity_risk": 0.1111111111111111
    },
    "192.168.1.12": {
      "degree": 1,
      "betweenness": 0.0,
      "neighbors": [
        "192.168.1.1"
      ],
      "is_endpoint": true,
      "device_type": "unknown",
      "os": "unknown",
      "local_clustering": 0,
      "connectivity_risk": 0.1111111111111111
    },
    "192.168.1.19": {
      "degree": 1,
      "betweenness": 0.0,
      "neighbors": [
        "192.168.1.1"
      ],
      "is_endpoint": true,
      "device_type": "unknown",
      "os": "unknown",
      "local_clustering": 0,
      "connectivity_risk": 0.1111111111111111
    },
    "192.168.1.2": {
      "degree": 1,
      "betweenness": 0.0,
      "neighbors": [
        "192.168.1.1"
      ],
      "is_endpoint": true,
      "device_type": "unknown",
      "os": "unknown",
      "local_clustering": 0,
      "connectivity_risk": 0.1111111111111111
    },
    "192.168.1.21": {
      "degree": 1,
      "betweenness": 0.0,
      "neighbors": [
        "192.168.1.1"
      ],
      "is_endpoint": true,
      "device_type": "unknown",
      "os": "unknown",
      "local_clustering": 0,
      "connectivity_risk": 0.1111111111111111
    },
    "192.168.1.3": {
      "degree": 1,
      "betweenness": 0.0,
      "neighbors": [
        "192.168.1.1"
      ],
      "is_endpoint": true,
      "device_type": "unknown",
      "os": "unknown",
      "local_clustering": 0,
      "connectivity_risk": 0.1111111111111111
    },
    "192.168.1.5": {
      "degree": 1,
      "betweenness": 0.0,
      "neighbors": [
        "192.168.1.1"
      ],
      "is_endpoint": true,
      "device_type": "unknown",
      "os": "unknown",
      "local_clustering": 0,
      "connectivity_risk": 0.1111111111111111
    },
    "192.168.1.9": {
      "degree": 1,
      "betweenness": 0.0,
      "neighbors": [
        "192.168.1.1"
      ],
      "is_endpoint": true,
      "device_type": "unknown",
      "os": "unknown",
      "local_clustering": 0,
      "connectivity_risk": 0.1111111111111111
    }
  },
  "bottleneck_analysis": {
    "192.168.1.1": {
      "spectral_score": 0.0,
      "flow_centrality": 1.0,
      "is_critical": false,
      "degree": 8,
      "betweenness": 1.0,
      "edge_impact": 1.7777777777777777
    },
    "192.168.1.10": {
      "spectral_score": 0.6481812160876685,
      "flow_centrality": 0.0905982905982906,
      "is_critical": true,
      "degree": 1,
      "betweenness": 0.0,
      "edge_impact": 0.2222222222222222
    },
    "192.168.1.12": {
      "spectral_score": 0.9846084140617446,
      "flow_centrality": 0.09786324786324786,
      "is_critical": true,
      "degree": 1,
      "betweenness": 0.0,
      "edge_impact": 0.2222222222222222
    },
    "192.168.1.19": {
      "spectral_score": 0.576957929691277,
      "flow_centrality": 0.08504273504273505,
      "is_critical": false,
      "degree": 1,
      "betweenness": 0.0,
      "edge_impact": 0.2222222222222222
    },
    "192.168.1.2": {
      "spectral_score": 0.441074434901121,
      "flow_centrality": 0.08632478632478632,
      "is_critical": false,
      "degree": 1,
      "betweenness": 0.0,
      "edge_impact": 0.2222222222222222
    },
    "192.168.1.21": {
      "spectral_score": 0.16930744532080924,
      "flow_centrality": 0.09102564102564102,
      "is_critical": false,
      "degree": 1,
      "betweenness": 0.0,
      "edge_impact": 0.2222222222222222
    },
    "192.168.1.3": {
      "spectral_score": 0.16930744532080924,
      "flow_centrality": 0.08632478632478632,
      "is_critical": false,
      "degree": 1,
      "betweenness": 0.0,
      "edge_impact": 0.2222222222222222
    },
    "192.168.1.5": {
      "spectral_score": 0.16930744532080924,
      "flow_centrality": 0.09829059829059829,
      "is_critical": false,
      "degree": 1,
      "betweenness": 0.0,
      "edge_impact": 0.2222222222222222
    },
    "192.168.1.9": {
      "spectral_score": 0.16930744532080924,
      "flow_centrality": 0.0952991452991453,
      "is_critical": false,
      "degree": 1,