{
  "timestamp": "2024-11-13T15:39:01.452432",
  "network_structure": {
    "components": [
      [
        "192.168.1.64",
        "192.168.1.127",
        "192.168.1.124",
        "192.168.1.168",
        "192.168.1.84",
        "192.168.1.83",
        "192.168.1.152",
        "192.168.1.197",
        "192.168.1.130",
        "192.168.1.220",
        "192.168.1.154",
        "192.168.1.123",
        "192.168.1.1"
      ]
    ],
    "cycles": [],
    "endpoints": [
      "192.168.1.123",
      "192.168.1.124",
      "192.168.1.127",
      "192.168.1.130",
      "192.168.1.152",
      "192.168.1.154",
      "192.168.1.168",
      "192.168.1.197",
      "192.168.1.220",
      "192.168.1.64",
      "192.168.1.83",
      "192.168.1.84"
    ],
    "density": 0.15384615384615385,
    "is_tree": true,
    "is_forest": true,
    "average_degree": 1.8461538461538463,
    "centrality": {
      "Degree_Centrality": {
        "192.168.1.1": 1.0,
        "192.168.1.123": 0.08333333333333333,
        "192.168.1.124": 0.08333333333333333,
        "192.168.1.127": 0.08333333333333333,
        "192.168.1.130": 0.08333333333333333,
        "192.168.1.152": 0.08333333333333333,
        "192.168.1.154": 0.08333333333333333,
        "192.168.1.168": 0.08333333333333333,
        "192.168.1.197": 0.08333333333333333,
        "192.168.1.220": 0.08333333333333333,
        "192.168.1.64": 0.08333333333333333,
        "192.168.1.83": 0.08333333333333333,
        "192.168.1.84": 0.08333333333333333
      },
      "Betweenness_Centrality": {
        "192.168.1.1": 1.0,
        "192.168.1.123": 0.0,
        "192.168.1.124": 0.0,
        "192.168.1.127": 0.0,
        "192.168.1.130": 0.0,
        "192.168.1.152": 0.0,
        "192.168.1.154": 0.0,
        "192.168.1.168": 0.0,
        "192.168.1.197": 0.0,
        "192.168.1.220": 0.0,
        "192.168.1.64": 0.0,
        "192.168.1.83": 0.0,
        "192.168.1.84": 0.0
      },
      "Closeness_Centrality": {
        "192.168.1.1": 1.0,
        "192.168.1.123": 0.5217391304347826,
        "192.168.1.124": 0.5217391304347826,
        "192.168.1.127": 0.5217391304347826,
        "192.168.1.130": 0.5217391304347826,
        "192.168.1.152": 0.5217391304347826,
        "192.168.1.154": 0.5217391304347826,
        "192.168.1.168": 0.5217391304347826,
        "192.168.1.197": 0.5217391304347826,
        "192.168.1.220": 0.5217391304347826,
        "192.168.1.64": 0.5217391304347826,
        "192.168.1.83": 0.5217391304347826,
        "192.168.1.84": 0.5217391304347826
      },
      "Eigenvector_Centrality": {
        "192.168.1.1": 0.7071059613076448,
        "192.168.1.123": 0.20412438191030963,
        "192.168.1.124": 0.20412438191030963,
        "192.168.1.127": 0.20412438191030963,
        "192.168.1.130": 0.20412438191030963,
        "192.168.1.152": 0.20412438191030963,
        "192.168.1.154": 0.20412438191030963,
        "192.168.1.168": 0.20412438191030963,
        "192.168.1.197": 0.20412438191030963,
        "192.168.1.220": 0.20412438191030963,
        "192.168.1.64": 0.20412438191030963,
        "192.168.1.83": 0.20412438191030963,
        "192.168.1.84": 0.20412438191030963
      }
    },
    "total_nodes": 13,
    "total_edges": 12,
    "connected_components": 1,
    "articulation_points": [
      "192.168.1.1"
    ],
    "bridges": [
      [
        "192.168.1.1",
        "192.168.1.123"
      ],
      [
        "192.168.1.1",
        "192.168.1.124"
      ],
      [
        "192.168.1.1",
        "192.168.1.127"
      ],
      [
        "192.168.1.1",
        "192.168.1.130"
      ],
      [
        "192.168.1.1",
        "192.168.1.152"
      ],
      [
        "192.168.1.1",
        "192.168.1.154"
      ],
      [
        "192.168.1.1",
        "192.168.1.168"
      ],
      [
        "192.168.1.1",
        "192.168.1.197"
      ],
      [
        "192.168.1.1",
        "192.168.1.220"
      ],
      [
        "192.168.1.1",
        "192.168.1.64"
      ],
      [
        "192.168.1.1",
        "192.168.1.83"
      ],
      [
        "192.168.1.1",
        "192.168.1.84"
      ]
    ],
    "clustering": {
      "192.168.1.1": 0,
      "192.168.1.123": 0,
      "192.168.1.124": 0,
      "192.168.1.127": 0,
      "192.168.1.130": 0,
      "192.168.1.152": 0,
      "192.168.1.154": 0,
      "192.168.1.168": 0,
      "192.168.1.197": 0,
      "192.168.1.220": 0,
      "192.168.1.64": 0,
      "192.168.1.83": 0,
      "192.168.1.84": 0
    },
    "potential_bottlenecks": [
      "192.168.1.1"
    ],
    "average_clustering": 0.0,
    "degree_histogram": [
      0,
      12,
      0,
      0,
      0,
      0,
      0,
      0,
      0,
      0,
      0,
      0,
      1
    ]
  },
  "security_metrics": {
    "192.168.1.1": {
      "degree": 12,
      "betweenness": 1.0,
      "neighbors": [
        "192.168.1.123",
        "192.168.1.124",
        "192.168.1.127",
        "192.168.1.130",
        "192.168.1.152",
        "192.168.1.154",
        "192.168.1.168",
        "192.168.1.197",
        "192.168.1.220",
        "192.168.1.64",
        "192.168.1.83",
        "192.168.1.84"
      ],
      "is_endpoint": false,
      "device_type": "unknown",
      "os": "unknown",
      "local_clustering": 0,
      "connectivity_risk": 0.9230769230769231
    },
    "192.168.1.123": {
      "degree": 1,
      "betweenness": 0.0,
      "neighbors": [
        "192.168.1.1"
      ],
      "is_endpoint": true,
      "device_type": "unknown",
      "os": "unknown",
      "local_clustering": 0,
      "connectivity_risk": 0.07692307692307693
    },
    "192.168.1.124": {
      "degree": 1,
      "betweenness": 0.0,
      "neighbors": [
        "192.168.1.1"
      ],
      "is_endpoint": true,
      "device_type": "unknown",
      "os": "unknown",
      "local_clustering": 0,
      "connectivity_risk": 0.07692307692307693
    },
    "192.168.1.127": {
      "degree": 1,
      "betweenness": 0.0,
      "neighbors": [
        "192.168.1.1"
      ],
      "is_endpoint": true,
      "device_type": "unknown",
      "os": "unknown",
      "local_clustering": 0,
      "connectivity_risk": 0.07692307692307693
    },
    "192.168.1.130": {
      "degree": 1,
      "betweenness": 0.0,
      "neighbors": [
        "192.168.1.1"
      ],
      "is_endpoint": true,
      "device_type": "unknown",
      "os": "unknown",
      "local_clustering": 0,
      "connectivity_risk": 0.07692307692307693
    },
    "192.168.1.152": {
      "degree": 1,
      "betweenness": 0.0,
      "neighbors": [
        "192.168.1.1"
      ],
      "is_endpoint": true,
      "device_type": "unknown",
      "os": "unknown",
      "local_clustering": 0,
      "connectivity_risk": 0.07692307692307693
    },
    "192.168.1.154": {
      "degree": 1,
      "betweenness": 0.0,
      "neighbors": [
        "192.168.1.1"
      ],
      "is_endpoint": true,
      "device_type": "unknown",
      "os": "unknown",
      "local_clustering": 0,
      "connectivity_risk": 0.07692307692307693
    },
    "192.168.1.168": {
      "degree": 1,
      "betweenness": 0.0,
      "neighbors": [
        "192.168.1.1"
      ],
      "is_endpoint": true,
      "device_type": "unknown",
      "os": "unknown",
      "local_clustering": 0,
      "connectivity_risk": 0.07692307692307693
    },
    "192.168.1.197": {
      "degree": 1,
      "betweenness": 0.0,
      "neighbors": [
        "192.168.1.1"
      ],
      "is_endpoint": true,
      "device_type": "unknown",
      "os": "unknown",
      "local_clustering": 0,
      "connectivity_risk": 0.07692307692307693
    },
    "192.168.1.220": {
      "degree": 1,
      "betweenness": 0.0,
      "neighbors": [
        "192.168.1.1"
      ],
      "is_endpoint": true,
      "device_type": "unknown",
      "os": "unknown",
      "local_clustering": 0,
      "connectivity_risk": 0.07692307692307693
    },
    "192.168.1.64": {
      "degree": 1,
      "betweenness": 0.0,
      "neighbors": [
        "192.168.1.1"
      ],
      "is_endpoint": true,