{
  "timestamp": "2024-11-18T20:26:12.739616",
  "network_structure": {
    "components": [
      [
        "192.168.1.1",
        "192.168.1.19",
        "192.168.1.12",
        "192.168.1.20",
        "192.168.1.5",
        "192.168.1.9",
        "192.168.1.2",
        "192.168.1.3",
        "192.168.1.11",
        "192.168.1.10",
        "192.168.1.21"
      ]
    ],
    "cycles": [],
    "endpoints": [
      "192.168.1.10",
      "192.168.1.11",
      "192.168.1.12",
      "192.168.1.19",
      "192.168.1.2",
      "192.168.1.20",
      "192.168.1.21",
      "192.168.1.3",
      "192.168.1.5",
      "192.168.1.9"
    ],
    "density": 0.18181818181818182,
    "is_tree": true,
    "is_forest": true,
    "average_degree": 1.8181818181818181,
    "centrality": {
      "Degree_Centrality": {
        "192.168.1.1": 1.0,
        "192.168.1.10": 0.1,
        "192.168.1.11": 0.1,
        "192.168.1.12": 0.1,
        "192.168.1.19": 0.1,
        "192.168.1.2": 0.1,
        "192.168.1.20": 0.1,
        "192.168.1.21": 0.1,
        "192.168.1.3": 0.1,
        "192.168.1.5": 0.1,
        "192.168.1.9": 0.1
      },
      "Betweenness_Centrality": {
        "192.168.1.1": 1.0,
        "192.168.1.10": 0.0,
        "192.168.1.11": 0.0,
        "192.168.1.12": 0.0,
        "192.168.1.19": 0.0,
        "192.168.1.2": 0.0,
        "192.168.1.20": 0.0,
        "192.168.1.21": 0.0,
        "192.168.1.3": 0.0,
        "192.168.1.5": 0.0,
        "192.168.1.9": 0.0
      },
      "Closeness_Centrality": {
        "192.168.1.1": 1.0,
        "192.168.1.10": 0.5263157894736842,
        "192.168.1.11": 0.5263157894736842,
        "192.168.1.12": 0.5263157894736842,
        "192.168.1.19": 0.5263157894736842,
        "192.168.1.2": 0.5263157894736842,
        "192.168.1.20": 0.5263157894736842,
        "192.168.1.21": 0.5263157894736842,
        "192.168.1.3": 0.5263157894736842,
        "192.168.1.5": 0.5263157894736842,
        "192.168.1.9": 0.5263157894736842
      },
      "Eigenvector_Centrality": {
        "192.168.1.1": 0.7071060283964234,
        "192.168.1.10": 0.2236070358028647,
        "192.168.1.11": 0.2236070358028647,
        "192.168.1.12": 0.2236070358028647,
        "192.168.1.19": 0.2236070358028647,
        "192.168.1.2": 0.2236070358028647,
        "192.168.1.20": 0.2236070358028647,
        "192.168.1.21": 0.2236070358028647,
        "192.168.1.3": 0.2236070358028647,
        "192.168.1.5": 0.2236070358028647,
        "192.168.1.9": 0.2236070358028647
      }
    },
    "total_nodes": 11,
    "total_edges": 10,
    "connected_components": 1,
    "articulation_points": [
      "192.168.1.1"
    ],
    "bridges": [
      [
        "192.168.1.1",
        "192.168.1.10"
      ],
      [
        "192.168.1.1",
        "192.168.1.11"
      ],
      [
        "192.168.1.1",
        "192.168.1.12"
      ],
      [
        "192.168.1.1",
        "192.168.1.19"
      ],
      [
        "192.168.1.1",
        "192.168.1.2"
      ],
      [
        "192.168.1.1",
        "192.168.1.20"
      ],
      [
        "192.168.1.1",
        "192.168.1.21"
      ],
      [
        "192.168.1.1",
        "192.168.1.3"
      ],
      [
        "192.168.1.1",
        "192.168.1.5"
      ],
      [
        "192.168.1.1",
        "192.168.1.9"
      ]
    ],
    "clustering": {
      "192.168.1.1": 0,
      "192.168.1.10": 0,
      "192.168.1.11": 0,
      "192.168.1.12": 0,
      "192.168.1.19": 0,
      "192.168.1.2": 0,
      "192.168.1.20": 0,
      "192.168.1.21": 0,
      "192.168.1.3": 0,
      "192.168.1.5": 0,
      "192.168.1.9": 0
    },
    "potential_bottlenecks": [
      "192.168.1.1"
    ],
    "average_clustering": 0.0,
    "degree_histogram": [
      0,
      10,
      0,
      0,
      0,
      0,
      0,
      0,
      0,
      0,
      1
    ]
  },
  "security_metrics": {
    "192.168.1.1": {
      "degree": 10,
      "betweenness": 1.0,
      "neighbors": [
        "192.168.1.10",
        "192.168.1.11",
        "192.168.1.12",
        "192.168.1.19",
        "192.168.1.2",
        "192.168.1.20",
        "192.168.1.21",
        "192.168.1.3",
        "192.168.1.5",
        "192.168.1.9"
      ],
      "is_endpoint": false,
      "device_type": "unknown",
      "os": "unknown",
      "local_clustering": 0,
      "connectivity_risk": 0.9090909090909091
    },
    "192.168.1.10": {
      "degree": 1,
      "betweenness": 0.0,
      "neighbors": [
        "192.168.1.1"
      ],
      "is_endpoint": true,
      "device_type": "unknown",
      "os": "unknown",
      "local_clustering": 0,
      "connectivity_risk": 0.09090909090909091
    },
    "192.168.1.11": {
      "degree": 1,
      "betweenness": 0.0,
      "neighbors": [
        "192.168.1.1"
      ],
      "is_endpoint": true,
      "device_type": "unknown",
      "os": "unknown",
      "local_clustering": 0,
      "connectivity_risk": 0.09090909090909091
    },
    "192.168.1.12": {
      "degree": 1,
      "betweenness": 0.0,
      "neighbors": [
        "192.168.1.1"
      ],
      "is_endpoint": true,
      "device_type": "unknown",
      "os": "unknown",
      "local_clustering": 0,
      "connectivity_risk": 0.09090909090909091
    },
    "192.168.1.19": {
      "degree": 1,
      "betweenness": 0.0,
      "neighbors": [
        "192.168.1.1"
      ],
      "is_endpoint": true,
      "device_type": "unknown",
      "os": "unknown",
      "local_clustering": 0,
      "connectivity_risk": 0.09090909090909091
    },
    "192.168.1.2": {
      "degree": 1,
      "betweenness": 0.0,
      "neighbors": [
        "192.168.1.1"
      ],
      "is_endpoint": true,
      "device_type": "unknown",
      "os": "unknown",
      "local_clustering": 0,
      "connectivity_risk": 0.09090909090909091
    },
    "192.168.1.20": {
      "degree": 1,
      "betweenness": 0.0,
      "neighbors": [
        "192.168.1.1"
      ],
      "is_endpoint": true,
      "device_type": "unknown",
      "os": "unknown",
      "local_clustering": 0,
      "connectivity_risk": 0.09090909090909091
    },
    "192.168.1.21": {
      "degree": 1,
      "betweenness": 0.0,
      "neighbors": [
        "192.168.1.1"
      ],
      "is_endpoint": true,
      "device_type": "unknown",
      "os": "unknown",
      "local_clustering": 0,
      "connectivity_risk": 0.09090909090909091
    },
    "192.168.1.3": {
      "degree": 1,
      "betweenness": 0.0,
      "neighbors": [
        "192.168.1.1"
      ],
      "is_endpoint": true,
      "device_type": "unknown",
      "os": "unknown",
      "local_clustering": 0,
      "connectivity_risk": 0.09090909090909091
    },
    "192.168.1.5": {
      "degree": 1,
      "betweenness": 0.0,
      "neighbors": [
        "192.168.1.1"
      ],
      "is_endpoint": true,
      "device_type": "unknown",
      "os": "unknown",
      "local_clustering": 0,
      "connectivity_risk": 0.09090909090909091
    },
    "192.168.1.9": {
      "degree": 1,
      "betweenness": 0.0,
      "neighbors": [
        "192.168.1.1"
      ],
      "is_endpoint": true,
      "device_type": "unknown",
      "os": "unknown",
      "local_clustering": 0,
      "connectivity_risk": 0.09090909090909091
    }
  },
  "bottleneck_analysis": {
    "192.168.1.1": {
      "spectral_score": 3.2326098121526996e-17,
      "flow_centrality": 1.0,
      "is_critical": false,
      "degree": 10,
      "betweenness": 1.0,
      "edge_impact": 1.8181818181818183
    },
    "192.168.1.10": {
      "spectral_score": 0.9390586910523364,
      "flow_centrality": 0.07073863636363636,
      "is_critical": true,
      "degree": 1,
      "betweenness": 0.0,
      "edge_impact": 0.18181818181818182
    },
    "192.168.1.11": {
      "spectral_score": 0.257971678617347,
      "flow_centrality": 0.07670454545454546,
      "is_critical": false,
      "degree": 1,
      "betweenness": 0.0,
      "edge_impact": 0.18181818181818182
    },
    "192.168.1.12": {
      "spectral_score": 0.06988108824689818,
      "flow_centrality": 0.06647727272727273,