{
  "timestamp": "2024-11-12T15:47:00.550339",
  "network_structure": {
    "components": [
      [
        "192.168.1.152",
        "192.168.1.84",
        "192.168.1.124",
        "192.168.1.130",
        "192.168.1.197",
        "192.168.1.83",
        "192.168.1.127",
        "192.168.1.220",
        "192.168.1.1",
        "192.168.1.85",
        "192.168.1.154",
        "192.168.1.123"
      ]
    ],
    "cycles": [],
    "endpoints": [
      "192.168.1.123",
      "192.168.1.124",
      "192.168.1.127",
      "192.168.1.130",
      "192.168.1.152",
      "192.168.1.154",
      "192.168.1.197",
      "192.168.1.220",
      "192.168.1.83",
      "192.168.1.84",
      "192.168.1.85"
    ],
    "density": 0.16666666666666666,
    "is_tree": true,
    "is_forest": true,
    "average_degree": 1.8333333333333333,
    "centrality": {
      "Degree_Centrality": {
        "192.168.1.1": 1.0,
        "192.168.1.123": 0.09090909090909091,
        "192.168.1.124": 0.09090909090909091,
        "192.168.1.127": 0.09090909090909091,
        "192.168.1.130": 0.09090909090909091,
        "192.168.1.152": 0.09090909090909091,
        "192.168.1.154": 0.09090909090909091,
        "192.168.1.197": 0.09090909090909091,
        "192.168.1.220": 0.09090909090909091,
        "192.168.1.83": 0.09090909090909091,
        "192.168.1.84": 0.09090909090909091,
        "192.168.1.85": 0.09090909090909091
      },
      "Betweenness_Centrality": {
        "192.168.1.1": 1.0,
        "192.168.1.123": 0.0,
        "192.168.1.124": 0.0,
        "192.168.1.127": 0.0,
        "192.168.1.130": 0.0,
        "192.168.1.152": 0.0,
        "192.168.1.154": 0.0,
        "192.168.1.197": 0.0,
        "192.168.1.220": 0.0,
        "192.168.1.83": 0.0,
        "192.168.1.84": 0.0,
        "192.168.1.85": 0.0
      },
      "Closeness_Centrality": {
        "192.168.1.1": 1.0,
        "192.168.1.123": 0.5238095238095238,
        "192.168.1.124": 0.5238095238095238,
        "192.168.1.127": 0.5238095238095238,
        "192.168.1.130": 0.5238095238095238,
        "192.168.1.152": 0.5238095238095238,
        "192.168.1.154": 0.5238095238095238,
        "192.168.1.197": 0.5238095238095238,
        "192.168.1.220": 0.5238095238095238,
        "192.168.1.83": 0.5238095238095238,
        "192.168.1.84": 0.5238095238095238,
        "192.168.1.85": 0.5238095238095238
      },
      "Eigenvector_Centrality": {
        "192.168.1.1": 0.7071075812704491,
        "192.168.1.123": 0.21320047512096454,
        "192.168.1.124": 0.21320047512096454,
        "192.168.1.127": 0.21320047512096454,
        "192.168.1.130": 0.21320047512096454,
        "192.168.1.152": 0.21320047512096454,
        "192.168.1.154": 0.21320047512096454,
        "192.168.1.197": 0.21320047512096454,
        "192.168.1.220": 0.21320047512096454,
        "192.168.1.83": 0.21320047512096454,
        "192.168.1.84": 0.21320047512096454,
        "192.168.1.85": 0.21320047512096454
      }
    },
    "total_nodes": 12,
    "total_edges": 11,
    "connected_components": 1
  },
  "security_metrics": {
    "192.168.1.1": {
      "degree": 11,
      "betweenness": 1.0,
      "neighbors": [
        "192.168.1.123",
        "192.168.1.124",
        "192.168.1.127",
        "192.168.1.130",
        "192.168.1.152",
        "192.168.1.154",
        "192.168.1.197",
        "192.168.1.220",
        "192.168.1.83",
        "192.168.1.84",
        "192.168.1.85"
      ],
      "is_endpoint": false,
      "device_type": "unknown",
      "os": "unknown",
      "local_clustering": 0,
      "connectivity_risk": 0.9166666666666666
    },
    "192.168.1.123": {
      "degree": 1,
      "betweenness": 0.0,
      "neighbors": [
        "192.168.1.1"
      ],
      "is_endpoint": true,
      "device_type": "unknown",
      "os": "unknown",
      "local_clustering": 0,
      "connectivity_risk": 0.08333333333333333
    },
    "192.168.1.124": {
      "degree": 1,
      "betweenness": 0.0,
      "neighbors": [
        "192.168.1.1"
      ],
      "is_endpoint": true,
      "device_type": "unknown",
      "os": "unknown",
      "local_clustering": 0,
      "connectivity_risk": 0.08333333333333333
    },
    "192.168.1.127": {
      "degree": 1,
      "betweenness": 0.0,
      "neighbors": [
        "192.168.1.1"
      ],
      "is_endpoint": true,
      "device_type": "unknown",
      "os": "unknown",
      "local_clustering": 0,
      "connectivity_risk": 0.08333333333333333
    },
    "192.168.1.130": {
      "degree": 1,
      "betweenness": 0.0,
      "neighbors": [
        "192.168.1.1"
      ],
      "is_endpoint": true,
      "device_type": "unknown",
      "os": "unknown",
      "local_clustering": 0,
      "connectivity_risk": 0.08333333333333333
    },
    "192.168.1.152": {
      "degree": 1,
      "betweenness": 0.0,
      "neighbors": [
        "192.168.1.1"
      ],
      "is_endpoint": true,
      "device_type": "unknown",
      "os": "unknown",
      "local_clustering": 0,
      "connectivity_risk": 0.08333333333333333
    },
    "192.168.1.154": {
      "degree": 1,
      "betweenness": 0.0,
      "neighbors": [
        "192.168.1.1"
      ],
      "is_endpoint": true,
      "device_type": "unknown",
      "os": "unknown",
      "local_clustering": 0,
      "connectivity_risk": 0.08333333333333333
    },
    "192.168.1.197": {
      "degree": 1,
      "betweenness": 0.0,
      "neighbors": [
        "192.168.1.1"
      ],
      "is_endpoint": true,
      "device_type": "unknown",
      "os": "unknown",
      "local_clustering": 0,
      "connectivity_risk": 0.08333333333333333
    },
    "192.168.1.220": {
      "degree": 1,
      "betweenness": 0.0,
      "neighbors": [
        "192.168.1.1"
      ],
      "is_endpoint": true,
      "device_type": "unknown",
      "os": "unknown",
      "local_clustering": 0,
      "connectivity_risk": 0.08333333333333333
    },
    "192.168.1.83": {
      "degree": 1,
      "betweenness": 0.0,
      "neighbors": [
        "192.168.1.1"
      ],
      "is_endpoint": true,
      "device_type": "unknown",
      "os": "unknown",
      "local_clustering": 0,
      "connectivity_risk": 0.08333333333333333
    },
    "192.168.1.84": {
      "degree": 1,
      "betweenness": 0.0,
      "neighbors": [
        "192.168.1.1"
      ],
      "is_endpoint": true,
      "device_type": "unknown",
      "os": "unknown",
      "local_clustering": 0,
      "connectivity_risk": 0.08333333333333333
    },
    "192.168.1.85": {
      "degree": 1,
      "betweenness": 0.0,
      "neighbors": [
        "192.168.1.1"
      ],
      "is_endpoint": true,
      "device_type": "unknown",
      "os": "unknown",
      "local_clustering": 0,
      "connectivity_risk": 0.08333333333333333
    }
  },
  "bottleneck_analysis": {
    "192.168.1.1": {
      "spectral_score": 1.852776533334845e-17,
      "flow_centrality": 1.0,
      "is_critical": false,
      "degree": 11,
      "betweenness": 1.0
    },
    "192.168.1.123": {
      "spectral_score": 0.28728063118622066,
      "flow_centrality": 0.07023809523809524,
      "is_critical": false,
      "degree": 1,
      "betweenness": 0.0
    },
    "192.168.1.124": {
      "spectral_score": 0.5496974758286077,
      "flow_centrality": 0.06523809523809523,
      "is_critical": true,
      "degree": 1,
      "betweenness": 0.0
    },
    "192.168.1.127": {
      "spectral_score": 0.9868783636907167,
      "flow_centrality": 0.06142857142857143,
      "is_critical": true,
      "degree": 1,
      "betweenness": 0.0
    },
    "192.168.1.130": {
      "spectral_score": 0.3011310181357804,
      "flow_centrality": 0.06357142857142857,
      "is_critical": false,
      "degree": 1,
      "betweenness": 0.0
    },
    "192.168.1.152": {
      "spectral_score": 0.13370332297968573,
      "flow_centrality": 0.06952380952380953,
      "is_critical": false,
      "degree": 1,
      "betweenness": 0.0
    },
    "192.168.1.154": {
      "spectral_score": 0.12025978066559567,