{
  "timestamp": "2024-11-12T15:25:36.089468",
  "network_structure": {
    "components": [
      [
        "192.168.1.124",
        "192.168.1.103",
        "192.168.1.85",
        "192.168.1.69",
        "192.168.1.84",
        "192.168.1.154",
        "192.168.1.220",
        "192.168.1.152",
        "192.168.1.130",
        "192.168.1.197",
        "192.168.1.123",
        "192.168.1.74",
        "192.168.1.127",
        "192.168.1.1",
        "192.168.1.168",
        "192.168.1.83"
      ]
    ],
    "cycles": [],
    "endpoints": [
      "192.168.1.103",
      "192.168.1.123",
      "192.168.1.124",
      "192.168.1.127",
      "192.168.1.130",
      "192.168.1.152",
      "192.168.1.154",
      "192.168.1.168",
      "192.168.1.197",
      "192.168.1.220",
      "192.168.1.69",
      "192.168.1.74",
      "192.168.1.83",
      "192.168.1.84",
      "192.168.1.85"
    ],
    "density": 0.125,
    "is_tree": true,
    "is_forest": true,
    "average_degree": 1.875,
    "centrality": {
      "Degree_Centrality": {
        "192.168.1.1": 1.0,
        "192.168.1.103": 0.06666666666666667,
        "192.168.1.123": 0.06666666666666667,
        "192.168.1.124": 0.06666666666666667,
        "192.168.1.127": 0.06666666666666667,
        "192.168.1.130": 0.06666666666666667,
        "192.168.1.152": 0.06666666666666667,
        "192.168.1.154": 0.06666666666666667,
        "192.168.1.168": 0.06666666666666667,
        "192.168.1.197": 0.06666666666666667,
        "192.168.1.220": 0.06666666666666667,
        "192.168.1.69": 0.06666666666666667,
        "192.168.1.74": 0.06666666666666667,
        "192.168.1.83": 0.06666666666666667,
        "192.168.1.84": 0.06666666666666667,
        "192.168.1.85": 0.06666666666666667
      },
      "Betweenness_Centrality": {
        "192.168.1.1": 1.0,
        "192.168.1.103": 0.0,
        "192.168.1.123": 0.0,
        "192.168.1.124": 0.0,
        "192.168.1.127": 0.0,
        "192.168.1.130": 0.0,
        "192.168.1.152": 0.0,
        "192.168.1.154": 0.0,
        "192.168.1.168": 0.0,
        "192.168.1.197": 0.0,
        "192.168.1.220": 0.0,
        "192.168.1.69": 0.0,
        "192.168.1.74": 0.0,
        "192.168.1.83": 0.0,
        "192.168.1.84": 0.0,
        "192.168.1.85": 0.0
      },
      "Closeness_Centrality": {
        "192.168.1.1": 1.0,
        "192.168.1.103": 0.5172413793103449,
        "192.168.1.123": 0.5172413793103449,
        "192.168.1.124": 0.5172413793103449,
        "192.168.1.127": 0.5172413793103449,
        "192.168.1.130": 0.5172413793103449,
        "192.168.1.152": 0.5172413793103449,
        "192.168.1.154": 0.5172413793103449,
        "192.168.1.168": 0.5172413793103449,
        "192.168.1.197": 0.5172413793103449,
        "192.168.1.220": 0.5172413793103449,
        "192.168.1.69": 0.5172413793103449,
        "192.168.1.74": 0.5172413793103449,
        "192.168.1.83": 0.5172413793103449,
        "192.168.1.84": 0.5172413793103449,
        "192.168.1.85": 0.5172413793103449
      },
      "Eigenvector_Centrality": {
        "192.168.1.1": 0.7071075458625892,
        "192.168.1.103": 0.1825739883963369,
        "192.168.1.123": 0.1825739883963369,
        "192.168.1.124": 0.1825739883963369,
        "192.168.1.127": 0.1825739883963369,
        "192.168.1.130": 0.1825739883963369,
        "192.168.1.152": 0.1825739883963369,
        "192.168.1.154": 0.1825739883963369,
        "192.168.1.168": 0.1825739883963369,
        "192.168.1.197": 0.1825739883963369,
        "192.168.1.220": 0.1825739883963369,
        "192.168.1.69": 0.1825739883963369,
        "192.168.1.74": 0.1825739883963369,
        "192.168.1.83": 0.1825739883963369,
        "192.168.1.84": 0.1825739883963369,
        "192.168.1.85": 0.1825739883963369
      }
    },
    "total_nodes": 16,
    "total_edges": 15,
    "connected_components": 1
  },
  "security_metrics": {
    "192.168.1.1": {
      "degree": 15,
      "betweenness": 1.0,
      "neighbors": [
        "192.168.1.103",
        "192.168.1.123",
        "192.168.1.124",
        "192.168.1.127",
        "192.168.1.130",
        "192.168.1.152",
        "192.168.1.154",
        "192.168.1.168",
        "192.168.1.197",
        "192.168.1.220",
        "192.168.1.69",
        "192.168.1.74",
        "192.168.1.83",
        "192.168.1.84",
        "192.168.1.85"
      ],
      "is_endpoint": false,
      "device_type": "unknown",
      "os": "unknown",
      "local_clustering": 0,
      "connectivity_risk": 0.9375
    },
    "192.168.1.103": {
      "degree": 1,
      "betweenness": 0.0,
      "neighbors": [
        "192.168.1.1"
      ],
      "is_endpoint": true,
      "device_type": "unknown",
      "os": "unknown",
      "local_clustering": 0,
      "connectivity_risk": 0.0625
    },
    "192.168.1.123": {
      "degree": 1,
      "betweenness": 0.0,
      "neighbors": [
        "192.168.1.1"
      ],
      "is_endpoint": true,
      "device_type": "unknown",
      "os": "unknown",
      "local_clustering": 0,
      "connectivity_risk": 0.0625
    },
    "192.168.1.124": {
      "degree": 1,
      "betweenness": 0.0,
      "neighbors": [
        "192.168.1.1"
      ],
      "is_endpoint": true,
      "device_type": "unknown",
      "os": "unknown",
      "local_clustering": 0,
      "connectivity_risk": 0.0625
    },
    "192.168.1.127": {
      "degree": 1,
      "betweenness": 0.0,
      "neighbors": [
        "192.168.1.1"
      ],
      "is_endpoint": true,
      "device_type": "unknown",
      "os": "unknown",
      "local_clustering": 0,
      "connectivity_risk": 0.0625
    },
    "192.168.1.130": {
      "degree": 1,
      "betweenness": 0.0,
      "neighbors": [
        "192.168.1.1"
      ],
      "is_endpoint": true,
      "device_type": "unknown",
      "os": "unknown",
      "local_clustering": 0,
      "connectivity_risk": 0.0625
    },
    "192.168.1.152": {
      "degree": 1,
      "betweenness": 0.0,
      "neighbors": [
        "192.168.1.1"
      ],
      "is_endpoint": true,
      "device_type": "unknown",
      "os": "unknown",
      "local_clustering": 0,
      "connectivity_risk": 0.0625
    },
    "192.168.1.154": {
      "degree": 1,
      "betweenness": 0.0,
      "neighbors": [
        "192.168.1.1"
      ],
      "is_endpoint": true,
      "device_type": "unknown",
      "os": "unknown",
      "local_clustering": 0,
      "connectivity_risk": 0.0625
    },
    "192.168.1.168": {
      "degree": 1,
      "betweenness": 0.0,
      "neighbors": [
        "192.168.1.1"
      ],
      "is_endpoint": true,
      "device_type": "unknown",
      "os": "unknown",
      "local_clustering": 0,
      "connectivity_risk": 0.0625
    },
    "192.168.1.197": {
      "degree": 1,
      "betweenness": 0.0,
      "neighbors": [
        "192.168.1.1"
      ],
      "is_endpoint": true,
      "device_type": "unknown",
      "os": "unknown",
      "local_clustering": 0,
      "connectivity_risk": 0.0625
    },
    "192.168.1.220": {
      "degree": 1,
      "betweenness": 0.0,
      "neighbors": [
        "192.168.1.1"
      ],
      "is_endpoint": true,
      "device_type": "unknown",
      "os": "unknown",
      "local_clustering": 0,
      "connectivity_risk": 0.0625
    },
    "192.168.1.69": {
      "degree": 1,
      "betweenness": 0.0,
      "neighbors": [
        "192.168.1.1"
      ],
      "is_endpoint": true,
      "device_type": "unknown",
      "os": "unknown",
      "local_clustering": 0,
      "connectivity_risk": 0.0625
    },
    "192.168.1.74": {
      "degree": 1,
      "betweenness": 0.0,
      "neighbors": [
        "192.168.1.1"
      ],
      "is_endpoint": true,
      "device_type": "unknown",
      "os": "unknown",
      "local_clustering": 0,
      "connectivity_risk": 0.0625
    },
    "192.168.1.83": {
      "degree": 1,
      "betweenness": 0.0,
      "neighbors": [
        "192.168.1.1"
      ],
      "is_endpoint": true,
      "device_type": "unknown",
      "os": "unknown",
      "local_clustering": 0,