{
  "timestamp": "2024-11-18T21:13:12.463057",
  "network_structure": {
    "components": [
      [
        "192.168.1.2",
        "192.168.1.19",
        "192.168.1.10",
        "192.168.1.3",
        "192.168.1.9",
        "192.168.1.5",
        "192.168.1.1",
        "192.168.1.21"
      ]
    ],
    "cycles": [],
    "endpoints": [
      "192.168.1.10",
      "192.168.1.19",
      "192.168.1.2",
      "192.168.1.21",
      "192.168.1.3",
      "192.168.1.5",
      "192.168.1.9"
    ],
    "density": 0.25,
    "is_tree": true,
    "is_forest": true,
    "average_degree": 1.75,
    "centrality": {
      "Degree_Centrality": {
        "192.168.1.1": 1.0,
        "192.168.1.10": 0.14285714285714285,
        "192.168.1.19": 0.14285714285714285,
        "192.168.1.2": 0.14285714285714285,
        "192.168.1.21": 0.14285714285714285,
        "192.168.1.3": 0.14285714285714285,
        "192.168.1.5": 0.14285714285714285,
        "192.168.1.9": 0.14285714285714285
      },
      "Betweenness_Centrality": {
        "192.168.1.1": 1.0,
        "192.168.1.10": 0.0,
        "192.168.1.19": 0.0,
        "192.168.1.2": 0.0,
        "192.168.1.21": 0.0,
        "192.168.1.3": 0.0,
        "192.168.1.5": 0.0,
        "192.168.1.9": 0.0
      },
      "Closeness_Centrality": {
        "192.168.1.1": 1.0,
        "192.168.1.10": 0.5384615384615384,
        "192.168.1.19": 0.5384615384615384,
        "192.168.1.2": 0.5384615384615384,
        "192.168.1.21": 0.5384615384615384,
        "192.168.1.3": 0.5384615384615384,
        "192.168.1.5": 0.5384615384615384,
        "192.168.1.9": 0.5384615384615384
      },
      "Eigenvector_Centrality": {
        "192.168.1.1": 0.7071072096106685,
        "192.168.1.10": 0.2672610799832292,
        "192.168.1.19": 0.2672610799832292,
        "192.168.1.2": 0.2672610799832292,
        "192.168.1.21": 0.2672610799832292,
        "192.168.1.3": 0.2672610799832292,
        "192.168.1.5": 0.2672610799832292,
        "192.168.1.9": 0.2672610799832292
      }
    },
    "total_nodes": 8,
    "total_edges": 7,
    "connected_components": 1,
    "articulation_points": [
      "192.168.1.1"
    ],
    "bridges": [
      [
        "192.168.1.1",
        "192.168.1.10"
      ],
      [
        "192.168.1.1",
        "192.168.1.19"
      ],
      [
        "192.168.1.1",
        "192.168.1.2"
      ],
      [
        "192.168.1.1",
        "192.168.1.21"
      ],
      [
        "192.168.1.1",
        "192.168.1.3"
      ],
      [
        "192.168.1.1",
        "192.168.1.5"
      ],
      [
        "192.168.1.1",
        "192.168.1.9"
      ]
    ],
    "clustering": {
      "192.168.1.1": 0,
      "192.168.1.10": 0,
      "192.168.1.19": 0,
      "192.168.1.2": 0,
      "192.168.1.21": 0,
      "192.168.1.3": 0,
      "192.168.1.5": 0,
      "192.168.1.9": 0
    },
    "potential_bottlenecks": [
      "192.168.1.1"
    ],
    "average_clustering": 0.0,
    "degree_histogram": [
      0,
      7,
      0,
      0,
      0,
      0,
      0,
      1
    ]
  },
  "security_metrics": {
    "192.168.1.1": {
      "degree": 7,
      "betweenness": 1.0,
      "neighbors": [
        "192.168.1.10",
        "192.168.1.19",
        "192.168.1.2",
        "192.168.1.21",
        "192.168.1.3",
        "192.168.1.5",
        "192.168.1.9"
      ],
      "is_endpoint": false,
      "device_type": "unknown",
      "os": "unknown",
      "local_clustering": 0,
      "connectivity_risk": 0.875
    },
    "192.168.1.10": {
      "degree": 1,
      "betweenness": 0.0,
      "neighbors": [
        "192.168.1.1"
      ],
      "is_endpoint": true,
      "device_type": "unknown",
      "os": "unknown",
      "local_clustering": 0,
      "connectivity_risk": 0.125
    },
    "192.168.1.19": {
      "degree": 1,
      "betweenness": 0.0,
      "neighbors": [
        "192.168.1.1"
      ],
      "is_endpoint": true,
      "device_type": "unknown",
      "os": "unknown",
      "local_clustering": 0,
      "connectivity_risk": 0.125
    },
    "192.168.1.2": {
      "degree": 1,
      "betweenness": 0.0,
      "neighbors": [
        "192.168.1.1"
      ],
      "is_endpoint": true,
      "device_type": "unknown",
      "os": "unknown",
      "local_clustering": 0,
      "connectivity_risk": 0.125
    },
    "192.168.1.21": {
      "degree": 1,
      "betweenness": 0.0,
      "neighbors": [
        "192.168.1.1"
      ],
      "is_endpoint": true,
      "device_type": "unknown",
      "os": "unknown",
      "local_clustering": 0,
      "connectivity_risk": 0.125
    },
    "192.168.1.3": {
      "degree": 1,
      "betweenness": 0.0,
      "neighbors": [
        "192.168.1.1"
      ],
      "is_endpoint": true,
      "device_type": "unknown",
      "os": "unknown",
      "local_clustering": 0,
      "connectivity_risk": 0.125
    },
    "192.168.1.5": {
      "degree": 1,
      "betweenness": 0.0,
      "neighbors": [
        "192.168.1.1"
      ],
      "is_endpoint": true,
      "device_type": "unknown",
      "os": "unknown",
      "local_clustering": 0,
      "connectivity_risk": 0.125
    },
    "192.168.1.9": {
      "degree": 1,
      "betweenness": 0.0,
      "neighbors": [
        "192.168.1.1"
      ],
      "is_endpoint": true,
      "device_type": "unknown",
      "os": "unknown",
      "local_clustering": 0,
      "connectivity_risk": 0.125
    }
  },
  "bottleneck_analysis": {
    "192.168.1.1": {
      "spectral_score": 0.0,
      "flow_centrality": 1.0,
      "is_critical": false,
      "degree": 7,
      "betweenness": 1.0,
      "edge_impact": 1.75
    },
    "192.168.1.10": {
      "spectral_score": 0.6929348671835833,
      "flow_centrality": 0.09619565217391304,
      "is_critical": true,
      "degree": 1,
      "betweenness": 0.0,
      "edge_impact": 0.25
    },
    "192.168.1.19": {
      "spectral_score": 0.9827212353613675,
      "flow_centrality": 0.11739130434782609,
      "is_critical": true,
      "degree": 1,
      "betweenness": 0.0,
      "edge_impact": 0.25
    },
    "192.168.1.2": {
      "spectral_score": 0.5863938231931629,
      "flow_centrality": 0.10652173913043478,
      "is_critical": false,
      "degree": 1,
      "betweenness": 0.0,
      "edge_impact": 0.25
    },
    "192.168.1.21": {
      "spectral_score": 0.45428468580376136,
      "flow_centrality": 0.11032608695652174,
      "is_critical": false,
      "degree": 1,
      "betweenness": 0.0,
      "edge_impact": 0.25
    },
    "192.168.1.3": {
      "spectral_score": 0.19006641102495836,
      "flow_centrality": 0.10271739130434783,
      "is_critical": false,
      "degree": 1,
      "betweenness": 0.0,
      "edge_impact": 0.25
    },
    "192.168.1.5": {
      "spectral_score": 0.19006641102495836,
      "flow_centrality": 0.11141304347826086,
      "is_critical": false,
      "degree": 1,
      "betweenness": 0.0,
      "edge_impact": 0.25
    },
    "192.168.1.9": {
      "spectral_score": 0.19006641102495836,
      "flow_centrality": 0.09456521739130434,
      "is_critical": false,
      "degree": 1,
      "betweenness": 0.0,
      "edge_impact": 0.25
    }
  },
  "anomalies": {
    "192.168.1.1": {
      "Degree_Centrality": 1.0,
      "Betweenness_Centrality": 1.0,
      "Closeness_Centrality": 1.0,
      "Eigenvector_Centrality": 0.7071072096106685,
      "degree": 7,
      "clustering": 0,
      "anomaly": -1,
      "anomaly_score": -0.8103545144490715,
      "risk_score": 100.0
    },
    "192.168.1.10": {
      "Degree_Centrality": 0.14285714285714285,
      "Betweenness_Centrality": 0.0,
      "Closeness_Centrality": 0.5384615384615384,
      "Eigenvector_Centrality": 0.2672610799832292,
      "degree": 1,
      "clustering": 0,
      "anomaly": 1,
      "anomaly_score": -0.4290807781189349,
      "risk_score": -0.0
    },
    "192.168.1.19": {
      "Degree_Centrality": 0.14285714285714285,
      "Betweenness_Centrality": 0.0,
      "Closeness_Centrality": 0.5384615384615384,
      "Eigenvector_Centrality": 0.2672610799832292,